date,actual,actual_bin,predicted,pred_label,correct,method,prob_cut,prob_hold,prob_hike
2024-01-31,hold,0,0,hold,True,ML (no market data),,,
2024-03-20,hold,0,0,hold,True,market→hold,0.1,0.8,0.1
2024-05-01,hold,0,0,hold,True,market→hold,0.1,0.8,0.1
2024-06-12,hold,0,0,hold,True,market→hold,0.06425,0.88775,0.053500000000000006
2024-07-31,hold,0,0,hold,True,market→hold,0.07350000000000001,0.87825,0.051250000000000004
2024-09-18,cut,1,1,change,True,market→change,0.9205,0.0565,0.02525
2024-11-07,cut,1,1,change,True,market→change,0.9137500000000001,0.07300000000000001,0.026500000000000003
2024-12-18,cut,1,1,change,True,market→change,0.91125,0.06575,0.02525
2025-01-29,hold,0,0,hold,True,market→hold,0.0145,0.987,0.0015
2025-03-19,hold,0,0,hold,True,market→hold,0.05425000000000001,0.896,0.05025
2025-05-07,hold,0,0,hold,True,market→hold,0.0615,0.8892500000000001,0.05025
2025-06-18,hold,0,0,hold,True,market→hold,0.059000000000000004,0.89175,0.05025
2025-07-30,hold,0,0,hold,True,market→hold,0.053766666666666664,0.9134000000000001,0.0335
2025-09-17,cut,1,1,change,True,market→change,0.9465,0.0385,0.016833333333333336
2025-10-29,cut,1,1,change,True,market→change,0.9728,0.0272,0.0
2025-12-10,cut,1,1,change,True,market→change,0.9365,0.064,0.00025
2026-01-28,hold,0,0,hold,True,ML (no market data),,,
2026-03-18,hold,0,0,hold,True,ML (no market data),,,
2026-04-29,hold,0,0,hold,True,ML (no market data),,,
2026-06-17,hold,0,0,hold,True,ML (no market data),,,
2026-07-29,hold,0,0,hold,True,ML (no market data),,,
2026-09-16,hike,1,0,hold,False,ML (no market data),,,
