event_ticker,year,month,consensus_low,consensus_high,n_strikes,meeting_date
FED-24MAR,2024,3,5.25,5.5,7,2024-03-01
FED-24MAY,2024,5,5.25,5.5,7,2024-05-01
FED-24JUN,2024,6,5.25,5.5,7,2024-06-01
FED-24JUL,2024,7,5.25,5.5,7,2024-07-01
FED-24SEP,2024,9,4.75,5.0,8,2024-09-01
FED-24NOV,2024,11,4.5,4.75,9,2024-11-01
FED-24DEC,2024,12,4.25,4.5,10,2024-12-01
FED-25MAR,2025,3,4.25,4.5,11,2025-03-01
FED-25MAY,2025,5,4.25,4.5,11,2025-05-01
FED-25JUN,2025,6,4.25,4.5,11,2025-06-01
FED-25JUL,2025,7,4.25,4.5,11,2025-07-01
FED-25SEP,2025,9,4.0,4.25,11,2025-09-01
