meeting_date,source,prob_cut,prob_hold,prob_hike,last_data_date
2023-07-26,polymarket,0.005,0.015,0.99,2023-07-26
2024-06-12,polymarket,0.0285,0.9755,0.007,2024-06-12
2024-07-31,polymarket,0.047,0.9565,0.0025,2024-07-31
2024-09-18,polymarket,0.991,0.013,0.0005,2024-09-18
2024-11-07,polymarket,0.9775,0.046,0.003,2024-11-07
2024-12-18,polymarket,0.9725,0.0315,0.0005,2024-12-18
2025-01-29,polymarket,0.0145,0.987,0.0015,2025-01-29
2025-03-19,polymarket,0.0085,0.992,0.0005,2025-03-19
2025-05-07,polymarket,0.023,0.9785,0.0005,2025-05-07
2025-06-18,polymarket,0.018,0.9835,0.0005,2025-06-18
2025-07-30,polymarket,0.02,0.9815,0.0005,2025-07-30
2025-09-17,polymarket,0.9895,0.0155,0.0005,2025-09-17
2025-12-10,polymarket,0.973,0.028,0.0005,2025-12-10
